{"cameraMode":{"drawMode":0,"name":"Shaded","section":"Shading Mode"},"sceneLighting":false,"audioPlay":false,"sceneViewState":{"showFog":true,"showMaterialUpdate":false,"showSkybox":false,"showFlares":true,"showImageEffects":true,"showParticleSystems":true},"in2DMode":false,"pivot":{"x":-0.22591686248779298,"y":-0.037448883056640628,"z":-0.026247113943099977},"rotation":{"x":0.11817809194326401,"y":-0.7714374661445618,"z":0.15021128952503205,"w":0.6069260239601135},"size":0.3895600438117981,"orthographic":false}