{"cameraMode":{"drawMode":0,"name":"Shaded","section":"Shading Mode"},"sceneLighting":true,"audioPlay":false,"sceneViewState":{"showFog":true,"showMaterialUpdate":false,"showSkybox":true,"showFlares":true,"showImageEffects":true,"showParticleSystems":true},"in2DMode":false,"pivot":{"x":-0.0535832941532135,"y":-0.19999754428863526,"z":-0.06229827553033829},"rotation":{"x":-0.14134062826633454,"y":0.6710928678512573,"z":-0.1325494349002838,"w":-0.715623140335083},"size":0.06820102035999298,"orthographic":true}