{"cameraMode":{"drawMode":0,"name":"Shaded","section":"Shading Mode"},"sceneLighting":false,"audioPlay":false,"sceneViewState":{"showFog":true,"showMaterialUpdate":false,"showSkybox":false,"showFlares":true,"showImageEffects":true,"showParticleSystems":true},"in2DMode":false,"pivot":{"x":-6.354953765869141,"y":3.0538253784179689,"z":-1.0491727590560914},"rotation":{"x":-0.010496407747268677,"y":0.025791551917791368,"z":-0.00027240990311838686,"w":-0.9996194839477539},"size":6.4304351806640629,"orthographic":true}