{"cameraMode":{"drawMode":0,"name":"Shaded","section":"Shading Mode"},"sceneLighting":false,"audioPlay":false,"sceneViewState":{"showFog":true,"showMaterialUpdate":false,"showSkybox":false,"showFlares":true,"showImageEffects":true,"showParticleSystems":true},"in2DMode":false,"pivot":{"x":-0.03680000081658363,"y":0.05559999868273735,"z":0.15960000455379487},"rotation":{"x":0.05375884845852852,"y":-0.550543487071991,"z":0.0355597659945488,"w":0.8323187232017517},"size":0.060158438980579379,"orthographic":true}