{"cameraMode":{"drawMode":0,"name":"Shaded","section":"Shading Mode"},"sceneLighting":false,"audioPlay":false,"sceneViewState":{"showFog":true,"showMaterialUpdate":false,"showSkybox":false,"showFlares":true,"showImageEffects":true,"showParticleSystems":true},"in2DMode":false,"pivot":{"x":-0.059816062450408939,"y":0.0048219263553619389,"z":-0.09531265497207642},"rotation":{"x":0.11403859406709671,"y":0.01968037709593773,"z":-0.002259683096781373,"w":0.9932801723480225},"size":0.08956003189086914,"orthographic":false}