{"cameraMode":{"drawMode":0,"name":"Shaded","section":"Shading Mode"},"sceneLighting":false,"audioPlay":false,"sceneViewState":{"showFog":true,"showMaterialUpdate":false,"showSkybox":false,"showFlares":true,"showImageEffects":true,"showParticleSystems":true},"in2DMode":false,"pivot":{"x":1.0082781314849854,"y":0.008490443229675293,"z":-0.01856090873479843},"rotation":{"x":0.11403859406709671,"y":0.01968037709593773,"z":-0.002259683096781373,"w":0.9932801723480225},"size":0.1512637585401535,"orthographic":false}