{"cameraMode":{"drawMode":0,"name":"Shaded","section":"Shading Mode"},"sceneLighting":true,"audioPlay":false,"sceneViewState":{"showFog":true,"showMaterialUpdate":false,"showSkybox":false,"showFlares":true,"showImageEffects":true,"showParticleSystems":true},"in2DMode":false,"pivot":{"x":0.2624489665031433,"y":0.6978359222412109,"z":0.4417981505393982},"rotation":{"x":0.004263126756995916,"y":0.9487403035163879,"z":-0.01280877273529768,"w":0.3157680332660675},"size":2.606079339981079,"orthographic":false}