{"cameraMode":{"drawMode":0,"name":"Shaded","section":"Shading Mode"},"sceneLighting":true,"audioPlay":false,"sceneViewState":{"showFog":true,"showMaterialUpdate":false,"showSkybox":true,"showFlares":true,"showImageEffects":true,"showParticleSystems":true},"in2DMode":false,"pivot":{"x":19.50502586364746,"y":2.0977816581726076,"z":-1.2953345775604249},"rotation":{"x":-0.032968491315841678,"y":0.7257195711135864,"z":0.034861285239458087,"w":0.6863158941268921},"size":8.802179336547852,"orthographic":false}