{"cameraMode":{"drawMode":0,"name":"Shaded","section":"Shading Mode"},"sceneLighting":false,"audioPlay":false,"sceneViewState":{"showFog":true,"showMaterialUpdate":false,"showSkybox":false,"showFlares":true,"showImageEffects":true,"showParticleSystems":true},"in2DMode":false,"pivot":{"x":-133.91641235351563,"y":-2.1369667053222658,"z":-0.21399736404418946},"rotation":{"x":0.012213592417538166,"y":0.7344332337379456,"z":-0.013220978900790215,"w":0.6784502267837524},"size":6.061771392822266,"orthographic":true}