{"cameraMode":{"drawMode":0,"name":"Shaded","section":"Shading Mode"},"sceneLighting":true,"audioPlay":false,"sceneViewState":{"showFog":true,"showMaterialUpdate":false,"showSkybox":false,"showFlares":true,"showImageEffects":true,"showParticleSystems":true},"in2DMode":false,"pivot":{"x":-1.047668695449829,"y":1.807466983795166,"z":-1.0085155963897706},"rotation":{"x":-0.1807185411453247,"y":0.6589084267616272,"z":-0.16754451394081117,"w":-0.7107124328613281},"size":6.6762614250183109,"orthographic":false}