{"cameraMode":{"drawMode":0,"name":"Shaded","section":"Shading Mode"},"sceneLighting":false,"audioPlay":false,"sceneViewState":{"showFog":true,"showMaterialUpdate":false,"showSkybox":false,"showFlares":true,"showImageEffects":true,"showParticleSystems":true},"in2DMode":false,"pivot":{"x":10.228364944458008,"y":-1.5125465393066407,"z":19.41614532470703},"rotation":{"x":-0.003494615899398923,"y":0.9957922697067261,"z":-0.08083612471818924,"w":-0.043048784136772159},"size":8.14290714263916,"orthographic":false}