{"cameraMode":{"drawMode":0,"name":"Shaded","section":"Shading Mode"},"sceneLighting":true,"audioPlay":false,"sceneViewState":{"showFog":true,"showMaterialUpdate":false,"showSkybox":false,"showFlares":true,"showImageEffects":true,"showParticleSystems":true},"in2DMode":false,"pivot":{"x":-0.23200541734695435,"y":0.5366969704627991,"z":0.6110872626304627},"rotation":{"x":-0.1807185411453247,"y":0.6589084267616272,"z":-0.16754451394081117,"w":-0.7107124328613281},"size":0.9762603640556336,"orthographic":false}