{"cameraMode":{"drawMode":0,"name":"Shaded","section":"Shading Mode"},"sceneLighting":true,"audioPlay":false,"sceneViewState":{"showFog":true,"showMaterialUpdate":false,"showSkybox":true,"showFlares":true,"showImageEffects":true,"showParticleSystems":true},"in2DMode":false,"pivot":{"x":0.04375529661774635,"y":0.0008307695388793945,"z":-0.0018242988735437394},"rotation":{"x":0.7259314060211182,"y":-0.0030949250794947149,"z":0.003266712184995413,"w":0.6877523064613342},"size":1.7149653434753419,"orthographic":true}