{"cameraMode":{"drawMode":0,"name":"Shaded","section":"Shading Mode"},"sceneLighting":false,"audioPlay":false,"sceneViewState":{"showFog":true,"showMaterialUpdate":false,"showSkybox":false,"showFlares":true,"showImageEffects":true,"showParticleSystems":true},"in2DMode":false,"pivot":{"x":-134.25364685058595,"y":-2.476973533630371,"z":-8.06668758392334},"rotation":{"x":-0.03716796636581421,"y":0.8601240515708923,"z":-0.06333319842815399,"w":-0.504774808883667},"size":9.144197463989258,"orthographic":false}