{"cameraMode":{"drawMode":0,"name":"Shaded","section":"Shading Mode"},"sceneLighting":false,"audioPlay":false,"sceneViewState":{"showFog":true,"showMaterialUpdate":false,"showSkybox":false,"showFlares":true,"showImageEffects":true,"showParticleSystems":true},"in2DMode":false,"pivot":{"x":0.05030204355716705,"y":0.14300382137298585,"z":0.008977949619293213},"rotation":{"x":-0.010450206696987152,"y":-0.09704530984163284,"z":-0.0010190550237894059,"w":0.995225191116333},"size":0.19544166326522828,"orthographic":false}