{"cameraMode":{"drawMode":0,"name":"Shaded","section":"Shading Mode"},"sceneLighting":false,"audioPlay":false,"sceneViewState":{"showFog":true,"showMaterialUpdate":false,"showSkybox":false,"showFlares":true,"showImageEffects":true,"showParticleSystems":true},"in2DMode":false,"pivot":{"x":16.900060653686525,"y":-1.6405457258224488,"z":21.092792510986329},"rotation":{"x":0.005972336512058973,"y":0.9910796284675598,"z":-0.047608476132154468,"w":0.12432906776666641},"size":10.899479866027832,"orthographic":false}