{"cameraMode":{"drawMode":0,"name":"Shaded","section":"Shading Mode"},"sceneLighting":true,"audioPlay":false,"sceneViewState":{"showFog":true,"showMaterialUpdate":false,"showSkybox":false,"showFlares":true,"showImageEffects":true,"showParticleSystems":true},"in2DMode":false,"pivot":{"x":-0.02404506877064705,"y":0.3984355330467224,"z":0.5},"rotation":{"x":-0.31386131048202517,"y":0.6356258392333984,"z":-0.3165046274662018,"w":-0.6303159594535828},"size":0.9762603640556336,"orthographic":false}