{"cameraMode":{"drawMode":0,"name":"Shaded","section":"Shading Mode"},"sceneLighting":false,"audioPlay":false,"sceneViewState":{"showFog":true,"showMaterialUpdate":false,"showSkybox":false,"showFlares":true,"showImageEffects":true,"showParticleSystems":true},"in2DMode":false,"pivot":{"x":-80.8153076171875,"y":4.223899841308594,"z":22.083999633789064},"rotation":{"x":-0.06738405674695969,"y":0.043682463467121127,"z":-0.0029530469328165056,"w":-0.9967651963233948},"size":132.92617797851563,"orthographic":true}