{"cameraMode":{"drawMode":0,"name":"Shaded","section":"Shading Mode"},"sceneLighting":false,"audioPlay":false,"sceneViewState":{"showFog":true,"showMaterialUpdate":false,"showSkybox":false,"showFlares":true,"showImageEffects":true,"showParticleSystems":true},"in2DMode":false,"pivot":{"x":14.58843994140625,"y":-0.90232253074646,"z":22.084835052490236},"rotation":{"x":-0.00880084652453661,"y":0.9843310713768005,"z":-0.16846024990081788,"w":-0.05143217369914055},"size":3.8246724605560304,"orthographic":false}