{"cameraMode":{"drawMode":0,"name":"Shaded","section":"Shading Mode"},"sceneLighting":false,"audioPlay":false,"sceneViewState":{"showFog":true,"showMaterialUpdate":false,"showSkybox":false,"showFlares":true,"showImageEffects":true,"showParticleSystems":true},"in2DMode":false,"pivot":{"x":-139.94810485839845,"y":-60.61885070800781,"z":8.525254249572754},"rotation":{"x":0.012213592417538166,"y":0.7344332337379456,"z":-0.013220978900790215,"w":0.6784502267837524},"size":4.144401550292969,"orthographic":true}