{"cameraMode":{"drawMode":0,"name":"Shaded","section":"Shading Mode"},"sceneLighting":false,"audioPlay":false,"sceneViewState":{"showFog":true,"showMaterialUpdate":false,"showSkybox":false,"showFlares":true,"showImageEffects":true,"showParticleSystems":true},"in2DMode":false,"pivot":{"x":48.82698440551758,"y":-21.66411781311035,"z":-36.97972106933594},"rotation":{"x":-0.06194126978516579,"y":0.8866022229194641,"z":-0.12448985874652863,"w":-0.4411480724811554},"size":36.531864166259769,"orthographic":false}