{"cameraMode":{"drawMode":0,"name":"Shaded","section":"Shading Mode"},"sceneLighting":true,"audioPlay":false,"sceneViewState":{"showFog":true,"showMaterialUpdate":false,"showSkybox":true,"showFlares":true,"showImageEffects":true,"showParticleSystems":true},"in2DMode":false,"pivot":{"x":-10.70111083984375,"y":-23.700992584228517,"z":16.738496780395509},"rotation":{"x":0.11280957609415055,"y":-0.6137615442276001,"z":0.08919253945350647,"w":0.7762889862060547},"size":83.5770263671875,"orthographic":false}