{"cameraMode":{"drawMode":0,"name":"Shaded","section":"Shading Mode"},"sceneLighting":false,"audioPlay":false,"sceneViewState":{"showFog":true,"showMaterialUpdate":false,"showSkybox":false,"showFlares":true,"showImageEffects":true,"showParticleSystems":true},"in2DMode":false,"pivot":{"x":-76.93035888671875,"y":-2.035902261734009,"z":-0.23022818565368653},"rotation":{"x":0.029930245131254197,"y":0.06592240184545517,"z":-0.001978282118216157,"w":0.9973741173744202},"size":5.610228538513184,"orthographic":true}