{"cameraMode":{"drawMode":0,"name":"Shaded","section":"Shading Mode"},"sceneLighting":true,"audioPlay":false,"sceneViewState":{"showFog":true,"showMaterialUpdate":false,"showSkybox":true,"showFlares":true,"showImageEffects":true,"showParticleSystems":true},"in2DMode":false,"pivot":{"x":15.874356269836426,"y":1.0006822347640992,"z":4.2353692054748539},"rotation":{"x":-0.0442596860229969,"y":-0.7444573044776917,"z":0.04931794852018356,"w":-0.6644633412361145},"size":10.0,"orthographic":true}