{"cameraMode":{"drawMode":0,"name":"Shaded","section":"Shading Mode"},"sceneLighting":true,"audioPlay":false,"sceneViewState":{"showFog":true,"showMaterialUpdate":false,"showSkybox":true,"showFlares":true,"showImageEffects":true,"showParticleSystems":true},"in2DMode":false,"pivot":{"x":13.361612319946289,"y":1.5428764820098878,"z":0.7436313629150391},"rotation":{"x":0.07822950184345246,"y":0.7145470976829529,"z":-0.0809519812464714,"w":0.6905147433280945},"size":9.2391996383667,"orthographic":true}