{"cameraMode":{"drawMode":0,"name":"Shaded","section":"Shading Mode"},"sceneLighting":true,"audioPlay":false,"sceneViewState":{"showFog":true,"showMaterialUpdate":false,"showSkybox":true,"showFlares":true,"showImageEffects":true,"showParticleSystems":true},"in2DMode":false,"pivot":{"x":16.309005737304689,"y":1.2874364852905274,"z":3.1270065307617189},"rotation":{"x":-0.08413384854793549,"y":0.0916425958275795,"z":-0.00777077442035079,"w":-0.9922035932540894},"size":27.12681770324707,"orthographic":true}