{"cameraMode":{"drawMode":0,"name":"Shaded","section":"Shading Mode"},"sceneLighting":false,"audioPlay":false,"sceneViewState":{"showFog":true,"showMaterialUpdate":false,"showSkybox":false,"showFlares":true,"showImageEffects":true,"showParticleSystems":true},"in2DMode":false,"pivot":{"x":-133.91641235351563,"y":-2.1369667053222658,"z":-0.21399736404418946},"rotation":{"x":0.029930245131254197,"y":0.06592240184545517,"z":-0.001978282118216157,"w":0.9973741173744202},"size":6.310000896453857,"orthographic":true}